[{"model": "api.usermatch", "pk": "943aaac6-d0ec-4c67-9bfc-bb60cad0bca4", "fields": {"from_user": "56905a8f-cb71-4db0-bbbb-39dbb183230a", "to_user": "98003f1b-7505-477d-bbdd-92cf6442901b", "message": "", "rejected_at": null, "viewed_at": null}}, {"model": "api.laddrmatch", "pk": "03becd7d-eabc-4ae8-b689-b3fa2b664f50", "fields": {"player_a": "95bf555d-e06d-4e64-8e79-c6e3e975716d", "player_b": "4f12a08b-88fc-4e71-b816-b82a4aad1e0a", "created_at": "2018-12-20T23:03:56.510Z", "player_a_accept": false, "player_b_accept": false, "primary_reason": "Random", "secondary_reason": null, "tertiary_reason": null, "player_a_accept_at": "2018-12-20T23:03:56.512Z", "player_a_rejected_at": null, "player_a_viewed_at": null, "player_b_accept_at": "2018-12-20T23:03:56.512Z", "player_b_rejected_at": null, "player_b_viewed_at": null, "expired": false, "expires_at": "2019-01-13T23:03:56.510Z"}}, {"model": "api.laddrmatch", "pk": "0df24ade-a663-4054-8d56-8113f32de696", "fields": {"player_a": "95bf555d-e06d-4e64-8e79-c6e3e975716d", "player_b": "4f8af74a-8744-4912-93b4-1d341e173101", "created_at": "2018-12-20T23:03:57.486Z", "player_a_accept": false, "player_b_accept": false, "primary_reason": "Random", "secondary_reason": null, "tertiary_reason": null, "player_a_accept_at": "2018-12-20T23:03:57.488Z", "player_a_rejected_at": null, "player_a_viewed_at": null, "player_b_accept_at": "2018-12-20T23:03:57.488Z", "player_b_rejected_at": null, "player_b_viewed_at": null, "expired": false, "expires_at": "2019-01-13T23:03:57.486Z"}}, {"model": "api.laddrmatch", "pk": "1df8c8d8-13bd-4dfb-8799-f8ca2d270f70", "fields": {"player_a": "95bf555d-e06d-4e64-8e79-c6e3e975716d", "player_b": "357214b6-4ed7-4ae1-ad3a-87569cdc26e0", "created_at": "2018-12-20T23:02:59.200Z", "player_a_accept": false, "player_b_accept": false, "primary_reason": "Random", "secondary_reason": null, "tertiary_reason": null, "player_a_accept_at": "2018-12-20T23:02:59.202Z", "player_a_rejected_at": null, "player_a_viewed_at": null, "player_b_accept_at": "2018-12-20T23:02:59.202Z", "player_b_rejected_at": null, "player_b_viewed_at": null, "expired": false, "expires_at": "2019-01-13T23:02:59.200Z"}}, {"model": "api.laddrmatch", "pk": "20e7fdab-ab39-4716-b8f7-4c4097000c20", "fields": {"player_a": "95bf555d-e06d-4e64-8e79-c6e3e975716d", "player_b": "44723e3d-c7ff-4dea-827a-fd862341e19c", "created_at": "2018-12-20T23:03:01.215Z", "player_a_accept": false, "player_b_accept": false, "primary_reason": "Random", "secondary_reason": null, "tertiary_reason": null, "player_a_accept_at": "2018-12-20T23:03:01.216Z", "player_a_rejected_at": null, "player_a_viewed_at": null, "player_b_accept_at": "2018-12-20T23:03:01.216Z", "player_b_rejected_at": null, "player_b_viewed_at": null, "expired": false, "expires_at": "2019-01-13T23:03:01.215Z"}}, {"model": "api.laddrmatch", "pk": "31b96ed4-9486-40ed-bb06-9f11f2dd64d2", "fields": {"player_a": "95bf555d-e06d-4e64-8e79-c6e3e975716d", "player_b": "1f7eee2d-9b85-473f-b75a-d80b16a11ad0", "created_at": "2018-12-20T22:59:27.042Z", "player_a_accept": false, "player_b_accept": false, "primary_reason": "Random", "secondary_reason": null, "tertiary_reason": null, "player_a_accept_at": "2018-12-20T22:59:27.044Z", "player_a_rejected_at": null, "player_a_viewed_at": null, "player_b_accept_at": "2018-12-20T22:59:27.044Z", "player_b_rejected_at": null, "player_b_viewed_at": null, "expired": false, "expires_at": "2019-01-13T22:59:27.042Z"}}, {"model": "api.laddrmatch", "pk": "490e4934-e011-42a4-ad71-565cebfc963a", "fields": {"player_a": "95bf555d-e06d-4e64-8e79-c6e3e975716d", "player_b": "378eb488-afbf-4891-b608-e79836a32e06", "created_at": "2018-12-20T23:02:59.940Z", "player_a_accept": false, "player_b_accept": false, "primary_reason": "Random", "secondary_reason": null, "tertiary_reason": null, "player_a_accept_at": "2018-12-20T23:02:59.941Z", "player_a_rejected_at": null, "player_a_viewed_at": null, "player_b_accept_at": "2018-12-20T23:02:59.941Z", "player_b_rejected_at": null, "player_b_viewed_at": null, "expired": false, "expires_at": "2019-01-13T23:02:59.940Z"}}, {"model": "api.laddrmatch", "pk": "5067c499-e10c-4ab6-9cb8-9f597a553e67", "fields": {"player_a": "95bf555d-e06d-4e64-8e79-c6e3e975716d", "player_b": "292734ef-bca2-4dce-a391-9ec30df22e8a", "created_at": "2018-12-20T22:59:27.701Z", "player_a_accept": false, "player_b_accept": false, "primary_reason": "Random", "secondary_reason": null, "tertiary_reason": null, "player_a_accept_at": "2018-12-20T22:59:27.702Z", "player_a_rejected_at": null, "player_a_viewed_at": null, "player_b_accept_at": "2018-12-20T22:59:27.702Z", "player_b_rejected_at": null, "player_b_viewed_at": null, "expired": false, "expires_at": "2019-01-13T22:59:27.701Z"}}, {"model": "api.laddrmatch", "pk": "53becf72-1f2a-4d41-b680-682cb35cbc0f", "fields": {"player_a": "95bf555d-e06d-4e64-8e79-c6e3e975716d", "player_b": "3d5da43b-3aaa-448c-9363-608bc3243ce7", "created_at": "2018-12-20T23:03:00.609Z", "player_a_accept": false, "player_b_accept": false, "primary_reason": "Random", "secondary_reason": null, "tertiary_reason": null, "player_a_accept_at": "2018-12-20T23:03:00.610Z", "player_a_rejected_at": null, "player_a_viewed_at": null, "player_b_accept_at": "2018-12-20T23:03:00.610Z", "player_b_rejected_at": null, "player_b_viewed_at": null, "expired": false, "expires_at": "2019-01-13T23:03:00.609Z"}}, {"model": "api.laddrmatch", "pk": "584b43d2-1f87-4195-b014-3bebc0707c01", "fields": {"player_a": "95bf555d-e06d-4e64-8e79-c6e3e975716d", "player_b": "0d79fd5c-4955-468b-87a6-5259d775843f", "created_at": "2018-12-20T22:59:24.997Z", "player_a_accept": false, "player_b_accept": false, "primary_reason": "Random", "secondary_reason": null, "tertiary_reason": null, "player_a_accept_at": "2018-12-20T22:59:24.998Z", "player_a_rejected_at": null, "player_a_viewed_at": null, "player_b_accept_at": "2018-12-20T22:59:24.998Z", "player_b_rejected_at": null, "player_b_viewed_at": null, "expired": false, "expires_at": "2019-01-13T22:59:24.997Z"}}, {"model": "api.laddrmatch", "pk": "618bc2c8-3ec4-438d-b99a-e36be0a78177", "fields": {"player_a": "95bf555d-e06d-4e64-8e79-c6e3e975716d", "player_b": "48a1cc43-d6d2-4ac0-a8e7-153917b88476", "created_at": "2018-12-20T23:03:01.746Z", "player_a_accept": false, "player_b_accept": false, "primary_reason": "Random", "secondary_reason": null, "tertiary_reason": null, "player_a_accept_at": "2018-12-20T23:03:01.747Z", "player_a_rejected_at": null, "player_a_viewed_at": null, "player_b_accept_at": "2018-12-20T23:03:01.747Z", "player_b_rejected_at": null, "player_b_viewed_at": null, "expired": false, "expires_at": "2019-01-13T23:03:01.746Z"}}, {"model": "api.laddrmatch", "pk": "6ca390aa-a2c9-416c-b1ea-e79fe46ce276", "fields": {"player_a": "95bf555d-e06d-4e64-8e79-c6e3e975716d", "player_b": "4dfe797f-ca02-4230-8414-21ce77be181d", "created_at": "2018-12-20T23:03:21.075Z", "player_a_accept": false, "player_b_accept": false, "primary_reason": "Random", "secondary_reason": null, "tertiary_reason": null, "player_a_accept_at": "2018-12-20T23:03:21.077Z", "player_a_rejected_at": null, "player_a_viewed_at": null, "player_b_accept_at": "2018-12-20T23:03:21.077Z", "player_b_rejected_at": null, "player_b_viewed_at": null, "expired": false, "expires_at": "2019-01-13T23:03:21.076Z"}}, {"model": "api.laddrmatch", "pk": "774b3b3b-a49d-4758-a1d5-b68831b85196", "fields": {"player_a": "95bf555d-e06d-4e64-8e79-c6e3e975716d", "player_b": "015cc4d6-525f-447d-a61c-fb03d1df0554", "created_at": "2018-12-20T22:59:11.363Z", "player_a_accept": false, "player_b_accept": false, "primary_reason": "Random", "secondary_reason": null, "tertiary_reason": null, "player_a_accept_at": "2018-12-20T22:59:11.365Z", "player_a_rejected_at": null, "player_a_viewed_at": null, "player_b_accept_at": "2018-12-20T22:59:11.365Z", "player_b_rejected_at": null, "player_b_viewed_at": null, "expired": false, "expires_at": "2019-01-13T22:59:11.363Z"}}, {"model": "api.laddrmatch", "pk": "7957e081-9c0e-4719-b9b2-9397acdc94d5", "fields": {"player_a": "95bf555d-e06d-4e64-8e79-c6e3e975716d", "player_b": "312a8018-782b-4604-996a-ab4b85addfa1", "created_at": "2018-12-20T23:02:58.438Z", "player_a_accept": false, "player_b_accept": false, "primary_reason": "Random", "secondary_reason": null, "tertiary_reason": null, "player_a_accept_at": "2018-12-20T23:02:58.439Z", "player_a_rejected_at": null, "player_a_viewed_at": null, "player_b_accept_at": "2018-12-20T23:02:58.439Z", "player_b_rejected_at": null, "player_b_viewed_at": null, "expired": false, "expires_at": "2019-01-13T23:02:58.438Z"}}, {"model": "api.laddrmatch", "pk": "8f23a40d-88a0-464f-9362-de7b746c31bc", "fields": {"player_a": "95bf555d-e06d-4e64-8e79-c6e3e975716d", "player_b": "1299b698-8782-4ccf-9bd8-64f17ea15a0c", "created_at": "2018-12-20T22:59:26.467Z", "player_a_accept": false, "player_b_accept": false, "primary_reason": "Random", "secondary_reason": null, "tertiary_reason": null, "player_a_accept_at": "2018-12-20T22:59:26.468Z", "player_a_rejected_at": null, "player_a_viewed_at": null, "player_b_accept_at": "2018-12-20T22:59:26.468Z", "player_b_rejected_at": null, "player_b_viewed_at": null, "expired": false, "expires_at": "2019-01-13T22:59:26.467Z"}}, {"model": "api.laddrmatch", "pk": "9460a30a-986f-4909-b442-c9f62e2c0d2c", "fields": {"player_a": "95bf555d-e06d-4e64-8e79-c6e3e975716d", "player_b": "08c0ca62-8f15-459e-a6ab-98c526859add", "created_at": "2018-12-20T22:59:19.927Z", "player_a_accept": false, "player_b_accept": false, "primary_reason": "Random", "secondary_reason": null, "tertiary_reason": null, "player_a_accept_at": "2018-12-20T22:59:19.929Z", "player_a_rejected_at": null, "player_a_viewed_at": null, "player_b_accept_at": "2018-12-20T22:59:19.929Z", "player_b_rejected_at": null, "player_b_viewed_at": null, "expired": false, "expires_at": "2019-01-13T22:59:19.927Z"}}, {"model": "api.laddrmatch", "pk": "9b291e30-885b-4afb-95f9-52ea936fcda8", "fields": {"player_a": "95bf555d-e06d-4e64-8e79-c6e3e975716d", "player_b": "4bb90cfa-998e-4f9c-b6c0-7d06febdc15e", "created_at": "2018-12-20T23:03:02.258Z", "player_a_accept": false, "player_b_accept": false, "primary_reason": "Random", "secondary_reason": null, "tertiary_reason": null, "player_a_accept_at": "2018-12-20T23:03:02.260Z", "player_a_rejected_at": null, "player_a_viewed_at": null, "player_b_accept_at": "2018-12-20T23:03:02.260Z", "player_b_rejected_at": null, "player_b_viewed_at": null, "expired": false, "expires_at": "2019-01-13T23:03:02.258Z"}}, {"model": "api.laddrmatch", "pk": "a443ff84-2895-492b-9a53-4254e965d109", "fields": {"player_a": "95bf555d-e06d-4e64-8e79-c6e3e975716d", "player_b": "5367e639-974f-4741-adfb-b7223d63cdd5", "created_at": "2018-12-20T23:03:58.194Z", "player_a_accept": false, "player_b_accept": false, "primary_reason": "Random", "secondary_reason": null, "tertiary_reason": null, "player_a_accept_at": "2018-12-20T23:03:58.196Z", "player_a_rejected_at": null, "player_a_viewed_at": null, "player_b_accept_at": "2018-12-20T23:03:58.196Z", "player_b_rejected_at": null, "player_b_viewed_at": null, "expired": false, "expires_at": "2019-01-13T23:03:58.194Z"}}, {"model": "api.laddrmatch", "pk": "a8d27ca9-ffb5-471c-adb5-419628ab9d24", "fields": {"player_a": "95bf555d-e06d-4e64-8e79-c6e3e975716d", "player_b": "109dc25c-ff61-4b94-8c1d-fc9b6302fdb7", "created_at": "2018-12-20T22:59:25.817Z", "player_a_accept": false, "player_b_accept": false, "primary_reason": "Random", "secondary_reason": null, "tertiary_reason": null, "player_a_accept_at": "2018-12-20T22:59:25.818Z", "player_a_rejected_at": null, "player_a_viewed_at": null, "player_b_accept_at": "2018-12-20T22:59:25.818Z", "player_b_rejected_at": null, "player_b_viewed_at": null, "expired": false, "expires_at": "2019-01-13T22:59:25.817Z"}}, {"model": "api.laddrmatch", "pk": "cd193ca1-48d9-4097-bd5a-7d566b15e913", "fields": {"player_a": "95bf555d-e06d-4e64-8e79-c6e3e975716d", "player_b": "2a32a50b-ca37-4a3d-b9b5-e3dc48c3ea18", "created_at": "2018-12-20T22:59:28.399Z", "player_a_accept": false, "player_b_accept": false, "primary_reason": "Random", "secondary_reason": null, "tertiary_reason": null, "player_a_accept_at": "2018-12-20T22:59:28.400Z", "player_a_rejected_at": null, "player_a_viewed_at": null, "player_b_accept_at": "2018-12-20T22:59:28.400Z", "player_b_rejected_at": null, "player_b_viewed_at": null, "expired": false, "expires_at": "2019-01-13T22:59:28.399Z"}}, {"model": "api.laddrmatch", "pk": "ced1be57-c306-48bc-aefb-4346054b4ed1", "fields": {"player_a": "95bf555d-e06d-4e64-8e79-c6e3e975716d", "player_b": "56905a8f-cb71-4db0-bbbb-39dbb183230a", "created_at": "2018-12-20T23:11:55.636Z", "player_a_accept": false, "player_b_accept": false, "primary_reason": "Random", "secondary_reason": null, "tertiary_reason": null, "player_a_accept_at": "2018-12-20T23:11:55.637Z", "player_a_rejected_at": null, "player_a_viewed_at": null, "player_b_accept_at": "2018-12-20T23:11:55.637Z", "player_b_rejected_at": null, "player_b_viewed_at": null, "expired": false, "expires_at": "2019-01-13T23:11:55.636Z"}}, {"model": "api.matchingpreference", "pk": "0355f1ec-6031-4eb9-b2c9-cf09f482cc2e", "fields": {"player": "ed696753-99ef-4951-b0f4-712edb38b9b4", "rank": null, "rank_importance": 0, "role": null, "role_importance": 0}}, {"model": "api.matchingpreference", "pk": "0528464e-566f-49c5-8710-9efebbe77447", "fields": {"player": "9f7ca51e-5b70-4562-b64c-52ea2a98f19d", "rank": null, "rank_importance": 0, "role": null, "role_importance": 0}}, {"model": "api.matchingpreference", "pk": "120de5ac-c54d-42ca-8e4c-22604df1e3b1", "fields": {"player": "d733f35b-8f32-4fa2-9c7b-2085996b27f4", "rank": null, "rank_importance": 0, "role": null, "role_importance": 0}}, {"model": "api.matchingpreference", "pk": "1339fc53-d6ff-455e-951e-63bf4f01a1fc", "fields": {"player": "74d511d0-830e-488f-b2bd-0977c95e8960", "rank": null, "rank_importance": 0, "role": null, "role_importance": 0}}, {"model": "api.matchingpreference", "pk": "1e31fa0c-6137-44b7-9828-9c16f59590a5", "fields": {"player": "3d5da43b-3aaa-448c-9363-608bc3243ce7", "rank": null, "rank_importance": 0, "role": null, "role_importance": 0}}, {"model": "api.matchingpreference", "pk": "2634aef6-7f4c-4732-928c-1e19072a7b38", "fields": {"player": "a1308348-ee0f-4627-ba47-ad8ea898c650", "rank": null, "rank_importance": 0, "role": null, "role_importance": 0}}, {"model": "api.matchingpreference", "pk": "2683f46f-dfcc-425c-acc9-8fd8ab258b77", "fields": {"player": "1299b698-8782-4ccf-9bd8-64f17ea15a0c", "rank": null, "rank_importance": 0, "role": null, "role_importance": 0}}, {"model": "api.matchingpreference", "pk": "2a8d2d8b-943b-40bb-9162-570574b08351", "fields": {"player": "9fe17a40-8bc7-4df5-bbb3-8dd78a6e0a84", "rank": null, "rank_importance": 0, "role": null, "role_importance": 0}}, {"model": "api.matchingpreference", "pk": "2b592e9f-478e-43a9-9fbd-955afb6d7110", "fields": {"player": "61b9b3b7-6e91-4b24-899e-9a9be1107267", "rank": null, "rank_importance": 0, "role": null, "role_importance": 0}}, {"model": "api.matchingpreference", "pk": "2d0ffce6-edc5-4349-a5a4-d43abf38cda6", "fields": {"player": "642c388f-98b4-4ea8-89dd-925ad29c79b4", "rank": null, "rank_importance": 0, "role": null, "role_importance": 0}}, {"model": "api.matchingpreference", "pk": "32417e18-43e7-4ef3-b9b3-5f2cfbbfb523", "fields": {"player": "0d79fd5c-4955-468b-87a6-5259d775843f", "rank": null, "rank_importance": 0, "role": null, "role_importance": 0}}, {"model": "api.matchingpreference", "pk": "360f4bf7-41c6-4374-b928-5dc4bc0e54f0", "fields": {"player": "cd09dba6-dbde-4f3d-aa19-e41f36b06d17", "rank": null, "rank_importance": 0, "role": null, "role_importance": 0}}, {"model": "api.matchingpreference", "pk": "3796af4a-8315-497d-ba96-f7b2aab5a753", "fields": {"player": "a9a3f922-a5f6-4996-9a0b-454e54655b11", "rank": null, "rank_importance": 0, "role": null, "role_importance": 0}}, {"model": "api.matchingpreference", "pk": "405f4b6c-27d4-4fbe-a8e5-2969b7b0c320", "fields": {"player": "4f12a08b-88fc-4e71-b816-b82a4aad1e0a", "rank": null, "rank_importance": 0, "role": null, "role_importance": 0}}, {"model": "api.matchingpreference", "pk": "4120437a-acc2-4f45-b3a0-7fee198ec506", "fields": {"player": "a30ea7b2-8dd9-46ba-a326-86e23ee220d9", "rank": null, "rank_importance": 0, "role": null, "role_importance": 0}}, {"model": "api.matchingpreference", "pk": "499203b3-219f-4f66-9f4a-27db7692df42", "fields": {"player": "4f8af74a-8744-4912-93b4-1d341e173101", "rank": null, "rank_importance": 0, "role": null, "role_importance": 0}}, {"model": "api.matchingpreference", "pk": "4a564372-fac8-44f6-be2c-5669dd12e63a", "fields": {"player": "56905a8f-cb71-4db0-bbbb-39dbb183230a", "rank": null, "rank_importance": 0, "role": null, "role_importance": 0}}, {"model": "api.matchingpreference", "pk": "4c2af2bc-245c-41aa-aad9-9688a4982b4d", "fields": {"player": "44723e3d-c7ff-4dea-827a-fd862341e19c", "rank": null, "rank_importance": 0, "role": null, "role_importance": 0}}, {"model": "api.matchingpreference", "pk": "4cf7562b-8e9a-4d98-89f3-4f30b327ce8d", "fields": {"player": "08c0ca62-8f15-459e-a6ab-98c526859add", "rank": null, "rank_importance": 0, "role": null, "role_importance": 0}}, {"model": "api.matchingpreference", "pk": "4ea25efa-f75a-4f47-a5ad-61d2b589dcde", "fields": {"player": "b1ef2674-b911-499f-972e-2d5584ef0bda", "rank": null, "rank_importance": 0, "role": null, "role_importance": 0}}, {"model": "api.matchingpreference", "pk": "521b4370-318d-441a-9c63-8e96c272b6e1", "fields": {"player": "015cc4d6-525f-447d-a61c-fb03d1df0554", "rank": null, "rank_importance": 0, "role": null, "role_importance": 0}}, {"model": "api.matchingpreference", "pk": "52964061-ed56-4d90-9ea4-59286535782f", "fields": {"player": "d4730173-e334-40bd-8e75-6f5db2833952", "rank": null, "rank_importance": 0, "role": null, "role_importance": 0}}, {"model": "api.matchingpreference", "pk": "62267efc-fc94-4d0e-982d-be8176d06361", "fields": {"player": "312a8018-782b-4604-996a-ab4b85addfa1", "rank": null, "rank_importance": 0, "role": null, "role_importance": 0}}, {"model": "api.matchingpreference", "pk": "65004f1c-a019-4cda-ab83-c1597221e1ac", "fields": {"player": "378eb488-afbf-4891-b608-e79836a32e06", "rank": null, "rank_importance": 0, "role": null, "role_importance": 0}}, {"model": "api.matchingpreference", "pk": "6849b912-cf28-4eb3-906f-005dae25ca14", "fields": {"player": "7ade9d96-9b27-4ac9-b14d-0f358cd97d59", "rank": null, "rank_importance": 0, "role": null, "role_importance": 0}}, {"model": "api.matchingpreference", "pk": "6b751696-c78e-4f13-9dff-f4f562f10603", "fields": {"player": "8814918f-ca58-40f0-a38a-f437a7eff607", "rank": null, "rank_importance": 0, "role": null, "role_importance": 0}}, {"model": "api.matchingpreference", "pk": "77c38b4e-7a00-440d-bff2-fba3d5753bd0", "fields": {"player": "7be61d3f-bae4-4362-aa3a-87a50fb30140", "rank": null, "rank_importance": 0, "role": null, "role_importance": 0}}, {"model": "api.matchingpreference", "pk": "77faad47-84c0-45d9-8c0f-650eabdb1e3d", "fields": {"player": "1f7eee2d-9b85-473f-b75a-d80b16a11ad0", "rank": null, "rank_importance": 0, "role": null, "role_importance": 0}}, {"model": "api.matchingpreference", "pk": "7fe2bf7a-50ed-47d5-aa1b-6dfdd0cc0bc4", "fields": {"player": "4bb90cfa-998e-4f9c-b6c0-7d06febdc15e", "rank": null, "rank_importance": 0, "role": null, "role_importance": 0}}, {"model": "api.matchingpreference", "pk": "8b9389e6-0aaf-42b5-be25-41c392887bfa", "fields": {"player": "775d0c6c-3f4c-4d52-b7ca-4003a610856a", "rank": null, "rank_importance": 0, "role": null, "role_importance": 0}}, {"model": "api.matchingpreference", "pk": "9300448f-937f-499d-94d8-71d4846c28cc", "fields": {"player": "5367e639-974f-4741-adfb-b7223d63cdd5", "rank": null, "rank_importance": 0, "role": null, "role_importance": 0}}, {"model": "api.matchingpreference", "pk": "9333924b-bcf8-4d99-8135-fc3c3fc1c8c3", "fields": {"player": "98003f1b-7505-477d-bbdd-92cf6442901b", "rank": null, "rank_importance": 0, "role": null, "role_importance": 0}}, {"model": "api.matchingpreference", "pk": "b3368e7c-e4de-4a74-93cb-93252395a984", "fields": {"player": "2a32a50b-ca37-4a3d-b9b5-e3dc48c3ea18", "rank": null, "rank_importance": 0, "role": null, "role_importance": 0}}, {"model": "api.matchingpreference", "pk": "b59ae66b-fe31-4750-97b0-d12ef8c68239", "fields": {"player": "292734ef-bca2-4dce-a391-9ec30df22e8a", "rank": null, "rank_importance": 0, "role": null, "role_importance": 0}}, {"model": "api.matchingpreference", "pk": "b5a5ec91-36d8-4c79-8fed-2252b6829b5f", "fields": {"player": "95bf555d-e06d-4e64-8e79-c6e3e975716d", "rank": null, "rank_importance": 0, "role": null, "role_importance": 0}}, {"model": "api.matchingpreference", "pk": "ba5bfce8-7880-4243-be3f-60ff3e7486a7", "fields": {"player": "dff60e50-85df-4761-816f-eea14f550c61", "rank": null, "rank_importance": 0, "role": null, "role_importance": 0}}, {"model": "api.matchingpreference", "pk": "ba879cc9-d181-472b-91d2-00c6a9b530eb", "fields": {"player": "ec46396a-acf1-4156-9a8d-a9bf3847ade9", "rank": null, "rank_importance": 0, "role": null, "role_importance": 0}}, {"model": "api.matchingpreference", "pk": "be2e30bd-bcdf-492e-8a24-75fe4d49d937", "fields": {"player": "a5194a9a-e605-4e3c-ac78-b7a8b931600e", "rank": null, "rank_importance": 0, "role": null, "role_importance": 0}}, {"model": "api.matchingpreference", "pk": "c296d4f7-356c-4c38-b00b-4ec834faad53", "fields": {"player": "bb16cc48-53fb-4eea-90b1-10838402e4c7", "rank": null, "rank_importance": 0, "role": null, "role_importance": 0}}, {"model": "api.matchingpreference", "pk": "c2d97d18-4af0-409a-8d94-62b36c78241f", "fields": {"player": "109dc25c-ff61-4b94-8c1d-fc9b6302fdb7", "rank": null, "rank_importance": 0, "role": null, "role_importance": 0}}, {"model": "api.matchingpreference", "pk": "c3118f4a-579b-4f9d-944f-eaa3f58e49b8", "fields": {"player": "845ebd32-31b5-4f32-b037-1418aa89478a", "rank": null, "rank_importance": 0, "role": null, "role_importance": 0}}, {"model": "api.matchingpreference", "pk": "d147307f-bd15-4bd1-a6df-418f84b7a1be", "fields": {"player": "5aace2a7-8bb5-445f-adf7-48f37a067802", "rank": null, "rank_importance": 0, "role": null, "role_importance": 0}}, {"model": "api.matchingpreference", "pk": "d1603e9c-1123-47c8-be2c-7e14b232631e", "fields": {"player": "c79ba65d-9f1b-4491-a13f-1271dd4a3b62", "rank": null, "rank_importance": 0, "role": null, "role_importance": 0}}, {"model": "api.matchingpreference", "pk": "dc0bb0e3-cbe2-4958-98e0-aae1b7c168d4", "fields": {"player": "4dfe797f-ca02-4230-8414-21ce77be181d", "rank": null, "rank_importance": 0, "role": null, "role_importance": 0}}, {"model": "api.matchingpreference", "pk": "dee317f2-5501-42f3-a5d3-a34b4ef4d35f", "fields": {"player": "f07c89c0-232b-42c7-85a7-58b6825386b3", "rank": null, "rank_importance": 0, "role": null, "role_importance": 0}}, {"model": "api.matchingpreference", "pk": "e36371e7-0c77-482d-ac1b-a768d67455ae", "fields": {"player": "d6bd9e0e-330e-4b73-801f-1a44a7b4d54d", "rank": null, "rank_importance": 0, "role": null, "role_importance": 0}}, {"model": "api.matchingpreference", "pk": "e5d2c86a-e00b-417b-bc0a-5a87942f8da4", "fields": {"player": "73334c2b-9496-4835-8591-bb053b634909", "rank": null, "rank_importance": 0, "role": null, "role_importance": 0}}, {"model": "api.matchingpreference", "pk": "f8471354-f9b0-4769-954c-0c8ba9c54da3", "fields": {"player": "357214b6-4ed7-4ae1-ad3a-87569cdc26e0", "rank": null, "rank_importance": 0, "role": null, "role_importance": 0}}, {"model": "api.matchingpreference", "pk": "f94e4eb9-a369-4bb5-b16a-a87708eabf45", "fields": {"player": "dd9ae47c-858e-4843-8a41-b1a4379f6d25", "rank": null, "rank_importance": 0, "role": null, "role_importance": 0}}, {"model": "api.matchingpreference", "pk": "fef506e4-9a1f-403e-8ae9-69fc98bf2f8d", "fields": {"player": "48a1cc43-d6d2-4ac0-a8e7-153917b88476", "rank": null, "rank_importance": 0, "role": null, "role_importance": 0}}, {"model": "api.matchingpreference", "pk": "ffa41979-9800-4011-b7dc-abb3f439d96d", "fields": {"player": "c741b03e-60c3-4df3-9575-0a37853671e3", "rank": null, "rank_importance": 0, "role": null, "role_importance": 0}}, {"model": "contenttypes.contenttype", "pk": 1, "fields": {"app_label": "api", "model": "duopartner"}}, {"model": "contenttypes.contenttype", "pk": 2, "fields": {"app_label": "api", "model": "endorsement"}}, {"model": "contenttypes.contenttype", "pk": 3, "fields": {"app_label": "api", "model": "endorsements"}}, {"model": "contenttypes.contenttype", "pk": 4, "fields": {"app_label": "api", "model": "laddrmatch"}}, {"model": "contenttypes.contenttype", "pk": 5, "fields": {"app_label": "api", "model": "matchingpreference"}}, {"model": "contenttypes.contenttype", "pk": 6, "fields": {"app_label": "api", "model": "profile"}}, {"model": "contenttypes.contenttype", "pk": 7, "fields": {"app_label": "api", "model": "usermatch"}}, {"model": "contenttypes.contenttype", "pk": 8, "fields": {"app_label": "admin", "model": "logentry"}}, {"model": "contenttypes.contenttype", "pk": 9, "fields": {"app_label": "auth", "model": "permission"}}, {"model": "contenttypes.contenttype", "pk": 10, "fields": {"app_label": "auth", "model": "group"}}, {"model": "contenttypes.contenttype", "pk": 11, "fields": {"app_label": "auth", "model": "user"}}, {"model": "contenttypes.contenttype", "pk": 12, "fields": {"app_label": "contenttypes", "model": "contenttype"}}, {"model": "contenttypes.contenttype", "pk": 13, "fields": {"app_label": "sessions", "model": "session"}}, {"model": "sessions.session", "pk": "e4cg8boh6n09mc0c2946ik9w257ho2do", "fields": {"session_data": "NTgwYmE4MjUxYWY5MDI1ZDU3NzYyZTgwZmMyNWNkYjc0MGI0Yzk2ZTp7Il9hdXRoX3VzZXJfaWQiOiIzIiwiX2F1dGhfdXNlcl9iYWNrZW5kIjoiZGphbmdvLmNvbnRyaWIuYXV0aC5iYWNrZW5kcy5Nb2RlbEJhY2tlbmQiLCJfYXV0aF91c2VyX2hhc2giOiJjMDlmODhiM2ZlZWVmNDkwYWNiMDQ4MGY1ZTcwZmY3NjVmMGZhOWY0In0=", "expire_date": "2019-01-03T18:28:46.128Z"}}, {"model": "auth.permission", "pk": 1, "fields": {"name": "Can add duo partner", "content_type": 1, "codename": "add_duopartner"}}, {"model": "auth.permission", "pk": 2, "fields": {"name": "Can change duo partner", "content_type": 1, "codename": "change_duopartner"}}, {"model": "auth.permission", "pk": 3, "fields": {"name": "Can delete duo partner", "content_type": 1, "codename": "delete_duopartner"}}, {"model": "auth.permission", "pk": 4, "fields": {"name": "Can view duo partner", "content_type": 1, "codename": "view_duopartner"}}, {"model": "auth.permission", "pk": 5, "fields": {"name": "Can add endorsement", "content_type": 2, "codename": "add_endorsement"}}, {"model": "auth.permission", "pk": 6, "fields": {"name": "Can change endorsement", "content_type": 2, "codename": "change_endorsement"}}, {"model": "auth.permission", "pk": 7, "fields": {"name": "Can delete endorsement", "content_type": 2, "codename": "delete_endorsement"}}, {"model": "auth.permission", "pk": 8, "fields": {"name": "Can view endorsement", "content_type": 2, "codename": "view_endorsement"}}, {"model": "auth.permission", "pk": 9, "fields": {"name": "Can add endorsements", "content_type": 3, "codename": "add_endorsements"}}, {"model": "auth.permission", "pk": 10, "fields": {"name": "Can change endorsements", "content_type": 3, "codename": "change_endorsements"}}, {"model": "auth.permission", "pk": 11, "fields": {"name": "Can delete endorsements", "content_type": 3, "codename": "delete_endorsements"}}, {"model": "auth.permission", "pk": 12, "fields": {"name": "Can view endorsements", "content_type": 3, "codename": "view_endorsements"}}, {"model": "auth.permission", "pk": 13, "fields": {"name": "Can add laddr match", "content_type": 4, "codename": "add_laddrmatch"}}, {"model": "auth.permission", "pk": 14, "fields": {"name": "Can change laddr match", "content_type": 4, "codename": "change_laddrmatch"}}, {"model": "auth.permission", "pk": 15, "fields": {"name": "Can delete laddr match", "content_type": 4, "codename": "delete_laddrmatch"}}, {"model": "auth.permission", "pk": 16, "fields": {"name": "Can view laddr match", "content_type": 4, "codename": "view_laddrmatch"}}, {"model": "auth.permission", "pk": 17, "fields": {"name": "Can add matching preference", "content_type": 5, "codename": "add_matchingpreference"}}, {"model": "auth.permission", "pk": 18, "fields": {"name": "Can change matching preference", "content_type": 5, "codename": "change_matchingpreference"}}, {"model": "auth.permission", "pk": 19, "fields": {"name": "Can delete matching preference", "content_type": 5, "codename": "delete_matchingpreference"}}, {"model": "auth.permission", "pk": 20, "fields": {"name": "Can view matching preference", "content_type": 5, "codename": "view_matchingpreference"}}, {"model": "auth.permission", "pk": 21, "fields": {"name": "Can add profile", "content_type": 6, "codename": "add_profile"}}, {"model": "auth.permission", "pk": 22, "fields": {"name": "Can change profile", "content_type": 6, "codename": "change_profile"}}, {"model": "auth.permission", "pk": 23, "fields": {"name": "Can delete profile", "content_type": 6, "codename": "delete_profile"}}, {"model": "auth.permission", "pk": 24, "fields": {"name": "Can view profile", "content_type": 6, "codename": "view_profile"}}, {"model": "auth.permission", "pk": 25, "fields": {"name": "Can add User Match Request", "content_type": 7, "codename": "add_usermatch"}}, {"model": "auth.permission", "pk": 26, "fields": {"name": "Can change User Match Request", "content_type": 7, "codename": "change_usermatch"}}, {"model": "auth.permission", "pk": 27, "fields": {"name": "Can delete User Match Request", "content_type": 7, "codename": "delete_usermatch"}}, {"model": "auth.permission", "pk": 28, "fields": {"name": "Can view User Match Request", "content_type": 7, "codename": "view_usermatch"}}, {"model": "auth.permission", "pk": 29, "fields": {"name": "Can add log entry", "content_type": 8, "codename": "add_logentry"}}, {"model": "auth.permission", "pk": 30, "fields": {"name": "Can change log entry", "content_type": 8, "codename": "change_logentry"}}, {"model": "auth.permission", "pk": 31, "fields": {"name": "Can delete log entry", "content_type": 8, "codename": "delete_logentry"}}, {"model": "auth.permission", "pk": 32, "fields": {"name": "Can view log entry", "content_type": 8, "codename": "view_logentry"}}, {"model": "auth.permission", "pk": 33, "fields": {"name": "Can add permission", "content_type": 9, "codename": "add_permission"}}, {"model": "auth.permission", "pk": 34, "fields": {"name": "Can change permission", "content_type": 9, "codename": "change_permission"}}, {"model": "auth.permission", "pk": 35, "fields": {"name": "Can delete permission", "content_type": 9, "codename": "delete_permission"}}, {"model": "auth.permission", "pk": 36, "fields": {"name": "Can view permission", "content_type": 9, "codename": "view_permission"}}, {"model": "auth.permission", "pk": 37, "fields": {"name": "Can add group", "content_type": 10, "codename": "add_group"}}, {"model": "auth.permission", "pk": 38, "fields": {"name": "Can change group", "content_type": 10, "codename": "change_group"}}, {"model": "auth.permission", "pk": 39, "fields": {"name": "Can delete group", "content_type": 10, "codename": "delete_group"}}, {"model": "auth.permission", "pk": 40, "fields": {"name": "Can view group", "content_type": 10, "codename": "view_group"}}, {"model": "auth.permission", "pk": 41, "fields": {"name": "Can add user", "content_type": 11, "codename": "add_user"}}, {"model": "auth.permission", "pk": 42, "fields": {"name": "Can change user", "content_type": 11, "codename": "change_user"}}, {"model": "auth.permission", "pk": 43, "fields": {"name": "Can delete user", "content_type": 11, "codename": "delete_user"}}, {"model": "auth.permission", "pk": 44, "fields": {"name": "Can view user", "content_type": 11, "codename": "view_user"}}, {"model": "auth.permission", "pk": 45, "fields": {"name": "Can add content type", "content_type": 12, "codename": "add_contenttype"}}, {"model": "auth.permission", "pk": 46, "fields": {"name": "Can change content type", "content_type": 12, "codename": "change_contenttype"}}, {"model": "auth.permission", "pk": 47, "fields": {"name": "Can delete content type", "content_type": 12, "codename": "delete_contenttype"}}, {"model": "auth.permission", "pk": 48, "fields": {"name": "Can view content type", "content_type": 12, "codename": "view_contenttype"}}, {"model": "auth.permission", "pk": 49, "fields": {"name": "Can add session", "content_type": 13, "codename": "add_session"}}, {"model": "auth.permission", "pk": 50, "fields": {"name": "Can change session", "content_type": 13, "codename": "change_session"}}, {"model": "auth.permission", "pk": 51, "fields": {"name": "Can delete session", "content_type": 13, "codename": "delete_session"}}, {"model": "auth.permission", "pk": 52, "fields": {"name": "Can view session", "content_type": 13, "codename": "view_session"}}, {"model": "auth.user", "pk": 3, "fields": {"password": "pbkdf2_sha256$120000$TGs0TgVzbh6K$/YtNsMo1fH+61BQzgqA8nHvsjxtazMoW12zu+CUcLkI=", "last_login": "2018-12-20T18:28:46.121Z", "is_superuser": true, "username": "admin", "first_name": "", "last_name": "", "email": "admin@admin.com", "is_staff": true, "is_active": true, "date_joined": "2018-12-20T17:57:05.502Z", "groups": [], "user_permissions": []}}, {"model": "auth.user", "pk": 4, "fields": {"password": "", "last_login": null, "is_superuser": false, "username": "Test_User_0", "first_name": "", "last_name": "", "email": "", "is_staff": false, "is_active": true, "date_joined": "2018-12-20T18:22:54.489Z", "groups": [], "user_permissions": []}}, {"model": "auth.user", "pk": 5, "fields": {"password": "", "last_login": null, "is_superuser": false, "username": "Test_User_1", "first_name": "", "last_name": "", "email": "", "is_staff": false, "is_active": true, "date_joined": "2018-12-20T18:22:54.505Z", "groups": [], "user_permissions": []}}, {"model": "auth.user", "pk": 6, "fields": {"password": "", "last_login": null, "is_superuser": false, "username": "Test_User_2", "first_name": "", "last_name": "", "email": "", "is_staff": false, "is_active": true, "date_joined": "2018-12-20T18:22:54.517Z", "groups": [], "user_permissions": []}}, {"model": "auth.user", "pk": 7, "fields": {"password": "", "last_login": null, "is_superuser": false, "username": "Test_User_3", "first_name": "", "last_name": "", "email": "", "is_staff": false, "is_active": true, "date_joined": "2018-12-20T18:22:54.529Z", "groups": [], "user_permissions": []}}, {"model": "auth.user", "pk": 8, "fields": {"password": "", "last_login": null, "is_superuser": false, "username": "Test_User_4", "first_name": "", "last_name": "", "email": "", "is_staff": false, "is_active": true, "date_joined": "2018-12-20T18:22:54.541Z", "groups": [], "user_permissions": []}}, {"model": "auth.user", "pk": 9, "fields": {"password": "", "last_login": null, "is_superuser": false, "username": "Test_User_5", "first_name": "", "last_name": "", "email": "", "is_staff": false, "is_active": true, "date_joined": "2018-12-20T18:22:54.552Z", "groups": [], "user_permissions": []}}, {"model": "auth.user", "pk": 10, "fields": {"password": "", "last_login": null, "is_superuser": false, "username": "Test_User_6", "first_name": "", "last_name": "", "email": "", "is_staff": false, "is_active": true, "date_joined": "2018-12-20T18:22:54.564Z", "groups": [], "user_permissions": []}}, {"model": "auth.user", "pk": 11, "fields": {"password": "", "last_login": null, "is_superuser": false, "username": "Test_User_7", "first_name": "", "last_name": "", "email": "", "is_staff": false, "is_active": true, "date_joined": "2018-12-20T18:22:54.575Z", "groups": [], "user_permissions": []}}, {"model": "auth.user", "pk": 12, "fields": {"password": "", "last_login": null, "is_superuser": false, "username": "Test_User_8", "first_name": "", "last_name": "", "email": "", "is_staff": false, "is_active": true, "date_joined": "2018-12-20T18:22:54.587Z", "groups": [], "user_permissions": []}}, {"model": "auth.user", "pk": 13, "fields": {"password": "", "last_login": null, "is_superuser": false, "username": "Test_User_9", "first_name": "", "last_name": "", "email": "", "is_staff": false, "is_active": true, "date_joined": "2018-12-20T18:22:54.598Z", "groups": [], "user_permissions": []}}, {"model": "auth.user", "pk": 14, "fields": {"password": "", "last_login": null, "is_superuser": false, "username": "Test_User_10", "first_name": "", "last_name": "", "email": "", "is_staff": false, "is_active": true, "date_joined": "2018-12-20T18:22:54.609Z", "groups": [], "user_permissions": []}}, {"model": "auth.user", "pk": 15, "fields": {"password": "", "last_login": null, "is_superuser": false, "username": "Test_User_11", "first_name": "", "last_name": "", "email": "", "is_staff": false, "is_active": true, "date_joined": "2018-12-20T18:22:54.621Z", "groups": [], "user_permissions": []}}, {"model": "auth.user", "pk": 16, "fields": {"password": "", "last_login": null, "is_superuser": false, "username": "Test_User_12", "first_name": "", "last_name": "", "email": "", "is_staff": false, "is_active": true, "date_joined": "2018-12-20T18:22:54.633Z", "groups": [], "user_permissions": []}}, {"model": "auth.user", "pk": 17, "fields": {"password": "", "last_login": null, "is_superuser": false, "username": "Test_User_13", "first_name": "", "last_name": "", "email": "", "is_staff": false, "is_active": true, "date_joined": "2018-12-20T18:22:54.646Z", "groups": [], "user_permissions": []}}, {"model": "auth.user", "pk": 18, "fields": {"password": "", "last_login": null, "is_superuser": false, "username": "Test_User_14", "first_name": "", "last_name": "", "email": "", "is_staff": false, "is_active": true, "date_joined": "2018-12-20T18:22:54.657Z", "groups": [], "user_permissions": []}}, {"model": "auth.user", "pk": 19, "fields": {"password": "", "last_login": null, "is_superuser": false, "username": "Test_User_15", "first_name": "", "last_name": "", "email": "", "is_staff": false, "is_active": true, "date_joined": "2018-12-20T18:22:54.668Z", "groups": [], "user_permissions": []}}, {"model": "auth.user", "pk": 20, "fields": {"password": "", "last_login": null, "is_superuser": false, "username": "Test_User_16", "first_name": "", "last_name": "", "email": "", "is_staff": false, "is_active": true, "date_joined": "2018-12-20T18:22:54.681Z", "groups": [], "user_permissions": []}}, {"model": "auth.user", "pk": 21, "fields": {"password": "", "last_login": null, "is_superuser": false, "username": "Test_User_17", "first_name": "", "last_name": "", "email": "", "is_staff": false, "is_active": true, "date_joined": "2018-12-20T18:22:54.694Z", "groups": [], "user_permissions": []}}, {"model": "auth.user", "pk": 22, "fields": {"password": "", "last_login": null, "is_superuser": false, "username": "Test_User_18", "first_name": "", "last_name": "", "email": "", "is_staff": false, "is_active": true, "date_joined": "2018-12-20T18:22:54.706Z", "groups": [], "user_permissions": []}}, {"model": "auth.user", "pk": 23, "fields": {"password": "", "last_login": null, "is_superuser": false, "username": "Test_User_19", "first_name": "", "last_name": "", "email": "", "is_staff": false, "is_active": true, "date_joined": "2018-12-20T18:22:54.717Z", "groups": [], "user_permissions": []}}, {"model": "auth.user", "pk": 24, "fields": {"password": "", "last_login": null, "is_superuser": false, "username": "Test_User_20", "first_name": "", "last_name": "", "email": "", "is_staff": false, "is_active": true, "date_joined": "2018-12-20T18:22:54.728Z", "groups": [], "user_permissions": []}}, {"model": "auth.user", "pk": 25, "fields": {"password": "", "last_login": null, "is_superuser": false, "username": "Test_User_21", "first_name": "", "last_name": "", "email": "", "is_staff": false, "is_active": true, "date_joined": "2018-12-20T18:22:54.741Z", "groups": [], "user_permissions": []}}, {"model": "auth.user", "pk": 26, "fields": {"password": "", "last_login": null, "is_superuser": false, "username": "Test_User_22", "first_name": "", "last_name": "", "email": "", "is_staff": false, "is_active": true, "date_joined": "2018-12-20T18:22:54.757Z", "groups": [], "user_permissions": []}}, {"model": "auth.user", "pk": 27, "fields": {"password": "", "last_login": null, "is_superuser": false, "username": "Test_User_23", "first_name": "", "last_name": "", "email": "", "is_staff": false, "is_active": true, "date_joined": "2018-12-20T18:22:54.772Z", "groups": [], "user_permissions": []}}, {"model": "auth.user", "pk": 28, "fields": {"password": "", "last_login": null, "is_superuser": false, "username": "Test_User_24", "first_name": "", "last_name": "", "email": "", "is_staff": false, "is_active": true, "date_joined": "2018-12-20T18:22:54.785Z", "groups": [], "user_permissions": []}}, {"model": "auth.user", "pk": 29, "fields": {"password": "", "last_login": null, "is_superuser": false, "username": "Test_User_25", "first_name": "", "last_name": "", "email": "", "is_staff": false, "is_active": true, "date_joined": "2018-12-20T18:22:54.800Z", "groups": [], "user_permissions": []}}, {"model": "auth.user", "pk": 30, "fields": {"password": "", "last_login": null, "is_superuser": false, "username": "Test_User_26", "first_name": "", "last_name": "", "email": "", "is_staff": false, "is_active": true, "date_joined": "2018-12-20T18:22:54.813Z", "groups": [], "user_permissions": []}}, {"model": "auth.user", "pk": 31, "fields": {"password": "", "last_login": null, "is_superuser": false, "username": "Test_User_27", "first_name": "", "last_name": "", "email": "", "is_staff": false, "is_active": true, "date_joined": "2018-12-20T18:22:54.827Z", "groups": [], "user_permissions": []}}, {"model": "auth.user", "pk": 32, "fields": {"password": "", "last_login": null, "is_superuser": false, "username": "Test_User_28", "first_name": "", "last_name": "", "email": "", "is_staff": false, "is_active": true, "date_joined": "2018-12-20T18:22:54.844Z", "groups": [], "user_permissions": []}}, {"model": "auth.user", "pk": 33, "fields": {"password": "", "last_login": null, "is_superuser": false, "username": "Test_User_29", "first_name": "", "last_name": "", "email": "", "is_staff": false, "is_active": true, "date_joined": "2018-12-20T18:22:54.859Z", "groups": [], "user_permissions": []}}, {"model": "auth.user", "pk": 34, "fields": {"password": "", "last_login": null, "is_superuser": false, "username": "Test_User_30", "first_name": "", "last_name": "", "email": "", "is_staff": false, "is_active": true, "date_joined": "2018-12-20T18:22:54.873Z", "groups": [], "user_permissions": []}}, {"model": "auth.user", "pk": 35, "fields": {"password": "", "last_login": null, "is_superuser": false, "username": "Test_User_31", "first_name": "", "last_name": "", "email": "", "is_staff": false, "is_active": true, "date_joined": "2018-12-20T18:22:54.887Z", "groups": [], "user_permissions": []}}, {"model": "auth.user", "pk": 36, "fields": {"password": "", "last_login": null, "is_superuser": false, "username": "Test_User_32", "first_name": "", "last_name": "", "email": "", "is_staff": false, "is_active": true, "date_joined": "2018-12-20T18:22:54.901Z", "groups": [], "user_permissions": []}}, {"model": "auth.user", "pk": 37, "fields": {"password": "", "last_login": null, "is_superuser": false, "username": "Test_User_33", "first_name": "", "last_name": "", "email": "", "is_staff": false, "is_active": true, "date_joined": "2018-12-20T18:22:54.916Z", "groups": [], "user_permissions": []}}, {"model": "auth.user", "pk": 38, "fields": {"password": "", "last_login": null, "is_superuser": false, "username": "Test_User_34", "first_name": "", "last_name": "", "email": "", "is_staff": false, "is_active": true, "date_joined": "2018-12-20T18:22:54.932Z", "groups": [], "user_permissions": []}}, {"model": "auth.user", "pk": 39, "fields": {"password": "", "last_login": null, "is_superuser": false, "username": "Test_User_35", "first_name": "", "last_name": "", "email": "", "is_staff": false, "is_active": true, "date_joined": "2018-12-20T18:22:54.950Z", "groups": [], "user_permissions": []}}, {"model": "auth.user", "pk": 40, "fields": {"password": "", "last_login": null, "is_superuser": false, "username": "Test_User_36", "first_name": "", "last_name": "", "email": "", "is_staff": false, "is_active": true, "date_joined": "2018-12-20T18:22:54.965Z", "groups": [], "user_permissions": []}}, {"model": "auth.user", "pk": 41, "fields": {"password": "", "last_login": null, "is_superuser": false, "username": "Test_User_37", "first_name": "", "last_name": "", "email": "", "is_staff": false, "is_active": true, "date_joined": "2018-12-20T18:22:54.981Z", "groups": [], "user_permissions": []}}, {"model": "auth.user", "pk": 42, "fields": {"password": "", "last_login": null, "is_superuser": false, "username": "Test_User_38", "first_name": "", "last_name": "", "email": "", "is_staff": false, "is_active": true, "date_joined": "2018-12-20T18:22:54.996Z", "groups": [], "user_permissions": []}}, {"model": "auth.user", "pk": 43, "fields": {"password": "", "last_login": null, "is_superuser": false, "username": "Test_User_39", "first_name": "", "last_name": "", "email": "", "is_staff": false, "is_active": true, "date_joined": "2018-12-20T18:22:55.012Z", "groups": [], "user_permissions": []}}, {"model": "auth.user", "pk": 44, "fields": {"password": "", "last_login": null, "is_superuser": false, "username": "Test_User_40", "first_name": "", "last_name": "", "email": "", "is_staff": false, "is_active": true, "date_joined": "2018-12-20T18:22:55.027Z", "groups": [], "user_permissions": []}}, {"model": "auth.user", "pk": 45, "fields": {"password": "", "last_login": null, "is_superuser": false, "username": "Test_User_41", "first_name": "", "last_name": "", "email": "", "is_staff": false, "is_active": true, "date_joined": "2018-12-20T18:22:55.042Z", "groups": [], "user_permissions": []}}, {"model": "auth.user", "pk": 46, "fields": {"password": "", "last_login": null, "is_superuser": false, "username": "Test_User_42", "first_name": "", "last_name": "", "email": "", "is_staff": false, "is_active": true, "date_joined": "2018-12-20T18:22:55.054Z", "groups": [], "user_permissions": []}}, {"model": "auth.user", "pk": 47, "fields": {"password": "", "last_login": null, "is_superuser": false, "username": "Test_User_43", "first_name": "", "last_name": "", "email": "", "is_staff": false, "is_active": true, "date_joined": "2018-12-20T18:22:55.069Z", "groups": [], "user_permissions": []}}, {"model": "auth.user", "pk": 48, "fields": {"password": "", "last_login": null, "is_superuser": false, "username": "Test_User_44", "first_name": "", "last_name": "", "email": "", "is_staff": false, "is_active": true, "date_joined": "2018-12-20T18:22:55.086Z", "groups": [], "user_permissions": []}}, {"model": "auth.user", "pk": 49, "fields": {"password": "", "last_login": null, "is_superuser": false, "username": "Test_User_45", "first_name": "", "last_name": "", "email": "", "is_staff": false, "is_active": true, "date_joined": "2018-12-20T18:22:55.101Z", "groups": [], "user_permissions": []}}, {"model": "auth.user", "pk": 50, "fields": {"password": "", "last_login": null, "is_superuser": false, "username": "Test_User_46", "first_name": "", "last_name": "", "email": "", "is_staff": false, "is_active": true, "date_joined": "2018-12-20T18:22:55.115Z", "groups": [], "user_permissions": []}}, {"model": "auth.user", "pk": 51, "fields": {"password": "", "last_login": null, "is_superuser": false, "username": "Test_User_47", "first_name": "", "last_name": "", "email": "", "is_staff": false, "is_active": true, "date_joined": "2018-12-20T18:22:55.131Z", "groups": [], "user_permissions": []}}, {"model": "auth.user", "pk": 52, "fields": {"password": "", "last_login": null, "is_superuser": false, "username": "Test_User_48", "first_name": "", "last_name": "", "email": "", "is_staff": false, "is_active": true, "date_joined": "2018-12-20T18:22:55.146Z", "groups": [], "user_permissions": []}}, {"model": "auth.user", "pk": 53, "fields": {"password": "", "last_login": null, "is_superuser": false, "username": "Test_User_49", "first_name": "", "last_name": "", "email": "", "is_staff": false, "is_active": true, "date_joined": "2018-12-20T18:22:55.161Z", "groups": [], "user_permissions": []}}, {"model": "api.profile", "pk": "015cc4d6-525f-447d-a61c-fb03d1df0554", "fields": {"user": 47, "summoner_name": "likely", "playstyle": "Conservative", "goal": "going to be a positive player who knows what their doing, 0 toxicity or contributing to someone else tilting.", "favorite_color": "teal", "role": "Jungle", "rank": 16, "is_real": false}}, {"model": "api.profile", "pk": "08c0ca62-8f15-459e-a6ab-98c526859add", "fields": {"user": 34, "summoner_name": "cold", "playstyle": "Conservative", "goal": "Someone who wants to play a solid amount of games and climb. Aggressive Support Leona Main Smurfs Welcome", "favorite_color": "green", "role": "Top", "rank": 0, "is_real": false}}, {"model": "api.profile", "pk": "0d79fd5c-4955-468b-87a6-5259d775843f", "fields": {"user": 52, "summoner_name": "something", "playstyle": "Conservative", "goal": "Looking for a support to help me carry. 2v5 expected.", "favorite_color": "black", "role": "Jungle", "rank": 25, "is_real": false}}, {"model": "api.profile", "pk": "109dc25c-ff61-4b94-8c1d-fc9b6302fdb7", "fields": {"user": 5, "summoner_name": "middle", "playstyle": "Supporting", "goal": "Dia looking for high dia master", "favorite_color": "yellow", "role": "Top", "rank": 3, "is_real": false}}, {"model": "api.profile", "pk": "1299b698-8782-4ccf-9bd8-64f17ea15a0c", "fields": {"user": 22, "summoner_name": "person", "playstyle": "Aggressive", "goal": "Gold 3 looking for duo to climb", "favorite_color": "white", "role": "Support", "rank": 25, "is_real": false}}, {"model": "api.profile", "pk": "1f7eee2d-9b85-473f-b75a-d80b16a11ad0", "fields": {"user": 23, "summoner_name": "themselves", "playstyle": "Conservative", "goal": "Looking for someone nice/competent", "favorite_color": "olive", "role": "Bottom", "rank": 11, "is_real": false}}, {"model": "api.profile", "pk": "292734ef-bca2-4dce-a391-9ec30df22e8a", "fields": {"user": 9, "summoner_name": "risk", "playstyle": "Supporting", "goal": "Under lvl 15 looking for people to partner with", "favorite_color": "silver", "role": "Top", "rank": 6, "is_real": false}}, {"model": "api.profile", "pk": "2a32a50b-ca37-4a3d-b9b5-e3dc48c3ea18", "fields": {"user": 36, "summoner_name": "food", "playstyle": "Conservative", "goal": "Looking for serious, commited, duo partner with good cs to climb with till end of season", "favorite_color": "fuchsia", "role": "Bottom", "rank": 5, "is_real": false}}, {"model": "api.profile", "pk": "312a8018-782b-4604-996a-ab4b85addfa1", "fields": {"user": 6, "summoner_name": "report", "playstyle": "Supporting", "goal": "Aussie on NA looking for friends", "favorite_color": "yellow", "role": "Jungle", "rank": 6, "is_real": false}}, {"model": "api.profile", "pk": "357214b6-4ed7-4ae1-ad3a-87569cdc26e0", "fields": {"user": 48, "summoner_name": "nearly", "playstyle": "Conservative", "goal": "hey, if you looking to get gold this season hmu and we'll get there fast :)", "favorite_color": "navy", "role": "Mid", "rank": 7, "is_real": false}}, {"model": "api.profile", "pk": "378eb488-afbf-4891-b608-e79836a32e06", "fields": {"user": 15, "summoner_name": "scene", "playstyle": "Aggressive", "goal": "Furry improving on league", "favorite_color": "aqua", "role": "Mid", "rank": 6, "is_real": false}}, {"model": "api.profile", "pk": "3d5da43b-3aaa-448c-9363-608bc3243ce7", "fields": {"user": 12, "summoner_name": "training", "playstyle": "Supporting", "goal": "Looking for friends", "favorite_color": "aqua", "role": "Support", "rank": 17, "is_real": false}}, {"model": "api.profile", "pk": "44723e3d-c7ff-4dea-827a-fd862341e19c", "fields": {"user": 51, "summoner_name": "hope", "playstyle": "Aggressive", "goal": "Heyo I'm looking for someone to duo with that wants to have fun and win all we play / wants to rank up obviously ^^!", "favorite_color": "fuchsia", "role": "Bottom", "rank": 5, "is_real": false}}, {"model": "api.profile", "pk": "48a1cc43-d6d2-4ac0-a8e7-153917b88476", "fields": {"user": 45, "summoner_name": "respond", "playstyle": "Conservative", "goal": "Tryhard platinum before end season Someone who understands late game,teamfighting,splitpushing, doesnt tilt from feeding", "favorite_color": "navy", "role": "Jungle", "rank": 13, "is_real": false}}, {"model": "api.profile", "pk": "4bb90cfa-998e-4f9c-b6c0-7d06febdc15e", "fields": {"user": 26, "summoner_name": "forward", "playstyle": "Conservative", "goal": "looking for adc main", "favorite_color": "yellow", "role": "Support", "rank": 7, "is_real": false}}, {"model": "api.profile", "pk": "4dfe797f-ca02-4230-8414-21ce77be181d", "fields": {"user": 8, "summoner_name": "soldier", "playstyle": "Conservative", "goal": "Looking for chill nrorms", "favorite_color": "gray", "role": "Bottom", "rank": 5, "is_real": false}}, {"model": "api.profile", "pk": "4f12a08b-88fc-4e71-b816-b82a4aad1e0a", "fields": {"user": 53, "summoner_name": "cell", "playstyle": "Supporting", "goal": " Looking for a duo partner who doesn't feed.", "favorite_color": "white", "role": "Top", "rank": 16, "is_real": false}}, {"model": "api.profile", "pk": "4f8af74a-8744-4912-93b4-1d341e173101", "fields": {"user": 43, "summoner_name": "radio", "playstyle": "Supporting", "goal": "I need help getting to Silver. I play like silver just stuck in bronze. Need someone to climb with", "favorite_color": "lime", "role": "Bottom", "rank": 7, "is_real": false}}, {"model": "api.profile", "pk": "5367e639-974f-4741-adfb-b7223d63cdd5", "fields": {"user": 29, "summoner_name": "follow", "playstyle": "Conservative", "goal": "looking for non toxic player to win lane", "favorite_color": "black", "role": "Mid", "rank": 19, "is_real": false}}, {"model": "api.profile", "pk": "56905a8f-cb71-4db0-bbbb-39dbb183230a", "fields": {"user": 50, "summoner_name": "likely", "playstyle": "Aggressive", "goal": "Looking for a duo to get diamond before season ends ! add me on league and lets win some games", "favorite_color": "silver", "role": "Support", "rank": 2, "is_real": false}}, {"model": "api.profile", "pk": "5aace2a7-8bb5-445f-adf7-48f37a067802", "fields": {"user": 27, "summoner_name": "travel", "playstyle": "Supporting", "goal": "plat+, is support name", "favorite_color": "maroon", "role": "Support", "rank": 8, "is_real": false}}, {"model": "api.profile", "pk": "61b9b3b7-6e91-4b24-899e-9a9be1107267", "fields": {"user": 37, "summoner_name": "your", "playstyle": "Conservative", "goal": "looking far an adc that know what he's doing !!!", "favorite_color": "blue", "role": "Support", "rank": 5, "is_real": false}}, {"model": "api.profile", "pk": "642c388f-98b4-4ea8-89dd-925ad29c79b4", "fields": {"user": 30, "summoner_name": "either", "playstyle": "Conservative", "goal": "Looking for a fun duo partner", "favorite_color": "fuchsia", "role": "Support", "rank": 1, "is_real": false}}, {"model": "api.profile", "pk": "73334c2b-9496-4835-8591-bb053b634909", "fields": {"user": 25, "summoner_name": "them", "playstyle": "Conservative", "goal": "dia smurfs only", "favorite_color": "green", "role": "Top", "rank": 6, "is_real": false}}, {"model": "api.profile", "pk": "74d511d0-830e-488f-b2bd-0977c95e8960", "fields": {"user": 49, "summoner_name": "everything", "playstyle": "Supporting", "goal": "Ranking up silver smurf to plat before season ends. Just add AdrianeRzS. Only Silver 1+", "favorite_color": "purple", "role": "Support", "rank": 19, "is_real": false}}, {"model": "api.profile", "pk": "775d0c6c-3f4c-4d52-b7ca-4003a610856a", "fields": {"user": 40, "summoner_name": "while", "playstyle": "Aggressive", "goal": "Looking for yasuo adc. Knockup support main.", "favorite_color": "white", "role": "Top", "rank": 11, "is_real": false}}, {"model": "api.profile", "pk": "7ade9d96-9b27-4ac9-b14d-0f358cd97d59", "fields": {"user": 39, "summoner_name": "I", "playstyle": "Supporting", "goal": "Was high plat last season. Im trying to get back on my old level of play after a very long break.", "favorite_color": "yellow", "role": "Top", "rank": 13, "is_real": false}}, {"model": "api.profile", "pk": "7be61d3f-bae4-4362-aa3a-87a50fb30140", "fields": {"user": 10, "summoner_name": "better", "playstyle": "Conservative", "goal": "Silver 4 looking for duo", "favorite_color": "yellow", "role": "Top", "rank": 5, "is_real": false}}, {"model": "api.profile", "pk": "845ebd32-31b5-4f32-b037-1418aa89478a", "fields": {"user": 32, "summoner_name": "computer", "playstyle": "Supporting", "goal": "looking to climb and have fun", "favorite_color": "lime", "role": "Bottom", "rank": 6, "is_real": false}}, {"model": "api.profile", "pk": "8814918f-ca58-40f0-a38a-f437a7eff607", "fields": {"user": 21, "summoner_name": "including", "playstyle": "Supporting", "goal": "Support main, lf someone around plat v to duo with", "favorite_color": "blue", "role": "Support", "rank": 4, "is_real": false}}, {"model": "api.profile", "pk": "95bf555d-e06d-4e64-8e79-c6e3e975716d", "fields": {"user": 4, "summoner_name": "about", "playstyle": "Conservative", "goal": "Looking for chill norms/arams/blitz", "favorite_color": "silver", "role": "Jungle", "rank": 10, "is_real": false}}, {"model": "api.profile", "pk": "98003f1b-7505-477d-bbdd-92cf6442901b", "fields": {"user": 42, "summoner_name": "hospital", "playstyle": "Supporting", "goal": "Looking for a duo GOLD 3 and higher to climb. Add me have a mic please. Play to win", "favorite_color": "navy", "role": "Bottom", "rank": 0, "is_real": false}}, {"model": "api.profile", "pk": "9f7ca51e-5b70-4562-b64c-52ea2a98f19d", "fields": {"user": 38, "summoner_name": "sell", "playstyle": "Supporting", "goal": "Looking for main ADC Gold V+ to try and climb to Platinum. I mainly play Leona but I can play Thresh and Blitzcrank too", "favorite_color": "teal", "role": "Top", "rank": 18, "is_real": false}}, {"model": "api.profile", "pk": "9fe17a40-8bc7-4df5-bbb3-8dd78a6e0a84", "fields": {"user": 14, "summoner_name": "system", "playstyle": "Conservative", "goal": "Support main lf duo unranked", "favorite_color": "blue", "role": "Top", "rank": 7, "is_real": false}}, {"model": "api.profile", "pk": "a1308348-ee0f-4627-ba47-ad8ea898c650", "fields": {"user": 31, "summoner_name": "sure", "playstyle": "Aggressive", "goal": "Jayce mid one trick", "favorite_color": "maroon", "role": "Top", "rank": 2, "is_real": false}}, {"model": "api.profile", "pk": "a30ea7b2-8dd9-46ba-a326-86e23ee220d9", "fields": {"user": 11, "summoner_name": "provide", "playstyle": "Supporting", "goal": "Support/Mid D5 loooking for adc", "favorite_color": "teal", "role": "Bottom", "rank": 5, "is_real": false}}, {"model": "api.profile", "pk": "a5194a9a-e605-4e3c-ac78-b7a8b931600e", "fields": {"user": 19, "summoner_name": "score", "playstyle": "Aggressive", "goal": "LF cool friends", "favorite_color": "gray", "role": "Mid", "rank": 4, "is_real": false}}, {"model": "api.profile", "pk": "a9a3f922-a5f6-4996-9a0b-454e54655b11", "fields": {"user": 44, "summoner_name": "nature", "playstyle": "Aggressive", "goal": "LOOKING FOR SUPPORT TO DUO WITH ALL NIGHT FAST FAST FAST", "favorite_color": "fuchsia", "role": "Top", "rank": 13, "is_real": false}}, {"model": "api.profile", "pk": "b1ef2674-b911-499f-972e-2d5584ef0bda", "fields": {"user": 13, "summoner_name": "section", "playstyle": "Aggressive", "goal": "LF friends to learn/play from", "favorite_color": "olive", "role": "Support", "rank": 6, "is_real": false}}, {"model": "api.profile", "pk": "bb16cc48-53fb-4eea-90b1-10838402e4c7", "fields": {"user": 24, "summoner_name": "win", "playstyle": "Conservative", "goal": "Playing all night, looking for nami/lul", "favorite_color": "lime", "role": "Bottom", "rank": 4, "is_real": false}}, {"model": "api.profile", "pk": "c741b03e-60c3-4df3-9575-0a37853671e3", "fields": {"user": 41, "summoner_name": "TV", "playstyle": "Conservative", "goal": "Looking to get to platinum before the end of the season with someone", "favorite_color": "olive", "role": "Support", "rank": 25, "is_real": false}}, {"model": "api.profile", "pk": "c79ba65d-9f1b-4491-a13f-1271dd4a3b62", "fields": {"user": 18, "summoner_name": "and", "playstyle": "Aggressive", "goal": "Silver 1 75% ER lloking to duo to gold or higher", "favorite_color": "lime", "role": "Top", "rank": 9, "is_real": false}}, {"model": "api.profile", "pk": "cd09dba6-dbde-4f3d-aa19-e41f36b06d17", "fields": {"user": 16, "summoner_name": "young", "playstyle": "Conservative", "goal": "Crappy support/mid looking for people to play with", "favorite_color": "olive", "role": "Jungle", "rank": 24, "is_real": false}}, {"model": "api.profile", "pk": "d4730173-e334-40bd-8e75-6f5db2833952", "fields": {"user": 20, "summoner_name": "tree", "playstyle": "Aggressive", "goal": "Gold 1 ADC looking for low plat/high hold support duo", "favorite_color": "olive", "role": "Mid", "rank": 5, "is_real": false}}, {"model": "api.profile", "pk": "d6bd9e0e-330e-4b73-801f-1a44a7b4d54d", "fields": {"user": 28, "summoner_name": "marriage", "playstyle": "Aggressive", "goal": "is jungle main", "favorite_color": "purple", "role": "Bottom", "rank": 4, "is_real": false}}, {"model": "api.profile", "pk": "d733f35b-8f32-4fa2-9c7b-2085996b27f4", "fields": {"user": 7, "summoner_name": "focus", "playstyle": "Conservative", "goal": "Looking to learn and have fun", "favorite_color": "white", "role": "Support", "rank": 13, "is_real": false}}, {"model": "api.profile", "pk": "dd9ae47c-858e-4843-8a41-b1a4379f6d25", "fields": {"user": 46, "summoner_name": "hospital", "playstyle": "Supporting", "goal": "somebody who wants to duo bot and climb, i have a brain hope you do too", "favorite_color": "black", "role": "Support", "rank": 14, "is_real": false}}, {"model": "api.profile", "pk": "dff60e50-85df-4761-816f-eea14f550c61", "fields": {"user": 3, "summoner_name": null, "playstyle": "Conservative", "goal": "", "favorite_color": null, "role": null, "rank": null, "is_real": true}}, {"model": "api.profile", "pk": "ec46396a-acf1-4156-9a8d-a9bf3847ade9", "fields": {"user": 35, "summoner_name": "whose", "playstyle": "Supporting", "goal": "HELP ME CARRY PLEASE I need gold before season ends", "favorite_color": "navy", "role": "Top", "rank": 20, "is_real": false}}, {"model": "api.profile", "pk": "ed696753-99ef-4951-b0f4-712edb38b9b4", "fields": {"user": 17, "summoner_name": "class", "playstyle": "Aggressive", "goal": "looking for braum support for kled", "favorite_color": "maroon", "role": "Support", "rank": 21, "is_real": false}}, {"model": "api.profile", "pk": "f07c89c0-232b-42c7-85a7-58b6825386b3", "fields": {"user": 33, "summoner_name": "identify", "playstyle": "Supporting", "goal": "vayne otp looking for a thresh otp for a diamond rush before season ends,", "favorite_color": "blue", "role": "Support", "rank": 14, "is_real": false}}]